label,precision,recall,f1-score,support
Backend Developer,0.5238095238095238,0.5789473684210527,0.55,19.0
Frontend Developer,1.0,0.625,0.7692307692307693,8.0
Full Stack Developer,0.42857142857142855,0.5,0.46153846153846156,6.0
DevOps Engineer,0.7,0.875,0.7777777777777778,8.0
Data / AI Role,0.5,1.0,0.6666666666666666,3.0
QA Engineer,0.7,1.0,0.8235294117647058,7.0
Mobile Developer,1.0,0.25,0.4,4.0
Project / Program Manager,0.21428571428571427,1.0,0.35294117647058826,3.0
Product Manager,0.25,1.0,0.4,1.0
Marketing / Sales,0.75,0.3,0.42857142857142855,10.0
Business / Operations Role,0.4444444444444444,0.4444444444444444,0.4444444444444444,9.0
Design / Creative Role,0.6666666666666666,0.6666666666666666,0.6666666666666666,9.0
Other,0.0,0.0,0.0,13.0
accuracy,0.54,0.54,0.54,0.54
macro avg,0.5521367521367522,0.633850652271705,0.5185666771639623,100.0
weighted avg,0.5491666666666667,0.54,0.5070454284277814,100.0
