label,precision,recall,f1-score,support
Backend Developer,0.625,0.5263157894736842,0.5714285714285714,19.0
Frontend Developer,0.8571428571428571,0.75,0.8,8.0
Full Stack Developer,0.6666666666666666,0.6666666666666666,0.6666666666666666,6.0
DevOps Engineer,0.7,0.875,0.7777777777777778,8.0
Data / AI Role,0.6,1.0,0.75,3.0
QA Engineer,0.7,1.0,0.8235294117647058,7.0
Mobile Developer,1.0,0.75,0.8571428571428571,4.0
Project / Program Manager,0.25,1.0,0.4,3.0
Product Manager,0.25,1.0,0.4,1.0
Marketing / Sales,0.7142857142857143,0.5,0.5882352941176471,10.0
Business / Operations Role,0.4444444444444444,0.4444444444444444,0.4444444444444444,9.0
Design / Creative Role,0.625,0.5555555555555556,0.5882352941176471,9.0
Other,0.0,0.0,0.0,13.0
accuracy,0.58,0.58,0.58,0.58
macro avg,0.5717338217338217,0.6975371120107963,0.5898046398046397,100.0
weighted avg,0.5680000000000001,0.58,0.5569911297852475,100.0
