label,precision,recall,f1-score,support
Backend Developer,0.6666666666666666,0.631578947368421,0.6486486486486487,19.0
Frontend Developer,0.8571428571428571,0.75,0.8,8.0
Full Stack Developer,0.4,0.3333333333333333,0.36363636363636365,6.0
DevOps Engineer,0.8571428571428571,0.75,0.8,8.0
Data / AI Role,0.6,1.0,0.75,3.0
QA Engineer,0.7,1.0,0.8235294117647058,7.0
Mobile Developer,1.0,0.5,0.6666666666666666,4.0
Project / Program Manager,0.3,1.0,0.46153846153846156,3.0
Product Manager,0.5,1.0,0.6666666666666666,1.0
Marketing / Sales,0.625,0.5,0.5555555555555556,10.0
Business / Operations Role,0.5,0.5555555555555556,0.5263157894736842,9.0
Design / Creative Role,0.6666666666666666,0.6666666666666666,0.6666666666666666,9.0
Other,0.2857142857142857,0.15384615384615385,0.2,13.0
accuracy,0.6,0.6,0.6,0.6
macro avg,0.6121794871794871,0.6800754351361639,0.6099403254321092,100.0
weighted avg,0.613452380952381,0.6,0.5893119476726288,100.0
